USE lawfirm;

-- DEPARTMENTS
INSERT INTO Department (department_id, department_name) VALUES
  (1, 'Executive'),
  (2, 'Litigation'),
  (3, 'Corporate'),
  (4, 'Client Advisory'),
  (5, 'Technology'),
  (6, 'Operations'),
  (7, 'Knowledge Management'),
  (8, 'Regulatory');

-- ROLES
INSERT INTO Role (role_id, role_name, hierarchy_level) VALUES
  (1, 'Managing Partner', 1),
  (2, 'Chief Operating Officer', 2),
  (3, 'Partner', 2),
  (4, 'Senior Associate', 3),
  (5, 'Special Counsel', 3),
  (6, 'Associate', 4),
  (7, 'IT', 4),
  (8, 'Paralegal', 5),
  (9, 'Legal Secretary', 5),
  (10, 'Records Manager', 5);

-- EMPLOYEES
INSERT INTO Employee (
  employee_id,
  name,
  email,
  phone,
  role_id,
  department_id,
  supervisor_id,
  employment_type,
  status
) VALUES
  (1, 'Jessica Pearson', 'jessica.pearson@counsel.local', '+1-212-555-0101', 1, 1, NULL, 'Equity', 'Active'),
  (2, 'Harvey Specter', 'harvey.specter@counsel.local', '+1-212-555-0102', 3, 2, 1, 'Equity', 'Active'),
  (3, 'Louis Litt', 'louis.litt@counsel.local', '+1-212-555-0103', 3, 3, 1, 'Equity', 'Active'),
  (4, 'Donna Paulsen', 'donna.paulsen@counsel.local', '+1-212-555-0104', 2, 6, 1, 'Full-Time', 'Active'),
  (5, 'Katrina Bennett', 'katrina.bennett@counsel.local', '+1-212-555-0105', 4, 2, 2, 'Full-Time', 'Active'),
  (6, 'Mike Ross', 'mike.ross@counsel.local', '+1-212-555-0106', 6, 3, 3, 'Full-Time', 'Active'),
  (7, 'Rachel Zane', 'rachel.zane@counsel.local', '+1-212-555-0107', 8, 4, 5, 'Full-Time', 'Active'),
  (8, 'Benjamin', 'benjamin@counsel.local', '+1-212-555-0108', 7, 5, 4, 'Full-Time', 'Active'),
  (9, 'Gretchen Bodinski', 'gretchen.bodinski@counsel.local', '+1-212-555-0109', 9, 6, 2, 'Full-Time', 'Active'),
  (10, 'Alex Williams', 'alex.williams@counsel.local', '+1-212-555-0110', 3, 2, 1, 'Equity', 'Active'),
  (11, 'Samantha Wheeler', 'samantha.wheeler@counsel.local', '+1-212-555-0111', 3, 2, 1, 'Equity', 'Active'),
  (12, 'Robert Zane', 'robert.zane@counsel.local', '+1-212-555-0112', 3, 3, 1, 'Equity', 'Active'),
  (13, 'Sheila Sazs', 'sheila.sazs@counsel.local', '+1-212-555-0113', 10, 7, 4, 'Full-Time', 'Active'),
  (14, 'Jeff Malone', 'jeff.malone@counsel.local', '+1-212-555-0114', 3, 8, 1, 'Equity', 'Active'),
  (15, 'Oliver Grady', 'oliver.grady@counsel.local', '+1-212-555-0115', 6, 3, 3, 'Full-Time', 'Active'),
  (16, 'Brian Altman', 'brian.altman@counsel.local', '+1-212-555-0116', 6, 2, 10, 'Full-Time', 'Active'),
  (17, 'Sean Cahill', 'sean.cahill@counsel.local', '+1-212-555-0117', 5, 8, 14, 'Full-Time', 'Active'),
  (18, 'Dana Scott', 'dana.scott@counsel.local', '+1-212-555-0118', 3, 3, 1, 'Equity', 'Active');

INSERT INTO Assistant_Assignment (assistant_id, assigned_to, type) VALUES
  (7, 2, 'Matter Support'),
  (7, 3, 'Closing Support'),
  (7, 10, 'Trial Support'),
  (9, 2, 'Executive Desk'),
  (9, 10, 'Trial Scheduling'),
  (13, 4, 'Records Liaison');

-- CLIENTS
INSERT INTO Client (client_id, name, contact_info, organization) VALUES
  (1, 'Evelyn Porter', 'evelyn.porter@libertyrail.com | +1-302-555-0181', 'Liberty Rail Holdings'),
  (2, 'Marcus Trent', 'marcus.trent@blueridgecap.com | +1-646-555-0182', 'Blue Ridge Capital'),
  (3, 'Ariana Cole', 'ariana.cole@monarchaviation.com | +1-917-555-0183', 'Monarch Aviation Group'),
  (4, 'Damien Cross', 'damien.cross@valeridgeenergy.com | +1-713-555-0184', 'Vale Ridge Energy'),
  (5, 'Nina Kapoor', 'nina.kapoor@sterlingbiotech.com | +1-415-555-0185', 'Sterling Biotech'),
  (6, 'Julian Moss', 'julian.moss@northharbortelecom.com | +1-206-555-0186', 'North Harbor Telecom'),
  (7, 'Elena Brooks', 'elena.brooks@caldermfg.com | +1-312-555-0187', 'Calder Manufacturing'),
  (8, 'Caroline Reed', 'caroline.reed@hudsonfo.com | +1-646-555-0188', 'Hudson Family Office'),
  (9, 'Tessa Vaughn', 'tessa.vaughn@hamiltonhospitality.com | +1-305-555-0189', 'Hamilton Hospitality'),
  (10, 'Victor Shaw', 'victor.shaw@blackwellventures.com | +1-917-555-0190', 'Blackwell Ventures'),
  (11, 'Dr. Anika Rao', 'anika.rao@redwoodbio.com | +1-617-555-0191', 'Redwood Biologics'),
  (12, 'Caleb Morris', 'caleb.morris@ironcladlogistics.com | +1-713-555-0192', 'Ironclad Logistics'),
  (13, 'Leah Hart', 'leah.hart@oakwellestates.com | +1-914-555-0193', 'Oakwell Estates'),
  (14, 'Noah Price', 'noah.price@meridiansports.com | +1-646-555-0194', 'Meridian Sports Group');

-- CASES
INSERT INTO Cases (
  case_id,
  case_code,
  title,
  description,
  case_type,
  client_id,
  lead_partner_id,
  lead_senior_id,
  status,
  confidentiality_level,
  created_by,
  start_date,
  end_date
) VALUES
  (1, 'MAT-2026-001', 'Liberty Rail antitrust readiness', 'Liberty Rail Holdings is preparing to defend a threatened antitrust suit brought by two regional competitors after a cross-state freight corridor acquisition. The team is coordinating market-share analysis, board testimony preparation, and early regulator outreach.', 'Antitrust', 1, 2, 5, 'Open', 'Highly Confidential', 1, '2026-01-10', '2026-05-22'),
  (2, 'MAT-2026-002', 'Blue Ridge proxy defense', 'Blue Ridge Capital is resisting an activist investor suit challenging the board''s poison-pill response and proxy disclosures ahead of the annual meeting. The matter includes injunction risk, director interview prep, and emergency Delaware filings.', 'Corporate Litigation', 2, 3, 5, 'Hearing Scheduled', 'Confidential', 3, '2026-01-28', '2026-04-28'),
  (3, 'MAT-2026-003', 'Monarch Aviation labor arbitration', 'Monarch Aviation faces a union-backed arbitration over alleged retaliatory discipline after a maintenance schedule overhaul. The file combines witness preparation, labor-policy review, and operational expert reports.', 'Arbitration', 3, 10, 16, 'Open', 'Confidential', 10, '2026-02-03', '2026-06-10'),
  (4, 'MAT-2026-004', 'Vale Ridge sanctions review', 'Vale Ridge Energy is answering a sanctions-related investigation tied to shipments routed through screened intermediaries. Counsel is reviewing internal emails, export controls, and disclosure obligations before a federal review panel.', 'Regulatory', 4, 14, 17, 'Drafting', 'Highly Confidential', 14, '2026-02-11', NULL),
  (5, 'MAT-2026-005', 'Sterling acquisition diligence', 'Sterling Biotech is buying a clinical-data vendor and needs diligence completed before a tightly negotiated signing window. The matter includes contract review, data-room issue tracking, and indemnity markups.', 'Mergers and Acquisitions', 5, 2, 5, 'Open', 'Highly Confidential', 2, '2026-02-24', '2026-05-15'),
  (6, 'MAT-2026-006', 'North Harbor incident response', 'North Harbor Telecom retained the firm after a ransomware event interrupted enterprise messaging services. The team is coordinating incident response, vendor containment, customer notices, and regulator-facing position papers.', 'Cybersecurity', 6, 11, 17, 'Negotiation', 'Highly Confidential', 11, '2026-03-01', NULL),
  (7, 'MAT-2026-007', 'Calder facility closure advisory', 'Calder Manufacturing is closing a Midwest facility and expects WARN Act claims plus labor negotiations with local representatives. The file covers separation notices, benefits modeling, and litigation-ready communication templates.', 'Employment', 7, 18, 15, 'Drafting', 'Confidential', 18, '2026-03-07', '2026-05-30'),
  (8, 'MAT-2026-008', 'Hudson succession structure', 'Hudson Family Office completed a succession restructuring and now needs closeout support on trust governance and tax allocation mechanics. The matter is closed but remains in the system as a strong estate-planning example.', 'Private Wealth', 8, 12, 6, 'Closed', 'Confidential', 12, '2025-11-18', '2026-02-12'),
  (9, 'MAT-2026-009', 'Liberty Rail class action strategy', 'Liberty Rail is separately defending a putative class action alleging freight-rate overcharges on agricultural shipments. Litigation strategy is focused on class certification, data preservation, and venue pressure.', 'Class Action', 1, 10, 16, 'Hearing Scheduled', 'Confidential', 10, '2026-03-11', '2026-07-08'),
  (10, 'MAT-2026-010', 'Blue Ridge compensation review', 'Blue Ridge Capital asked for a board-level review of executive bonus changes after a whistleblower complaint about inconsistent compensation approvals. The team is comparing committee minutes, plan language, and disclosure obligations.', 'Executive Compensation', 2, 3, 15, 'Open', 'Internal', 3, '2026-03-21', '2026-06-18'),
  (11, 'MAT-2026-011', 'Vale Ridge financing package', 'Vale Ridge closed a reserve-backed financing package but requested post-closing cleanup on covenant schedules and lender notice obligations. The matter is preserved as a completed finance example.', 'Finance', 4, 14, 6, 'Closed', 'Internal', 14, '2025-12-02', '2026-02-26'),
  (12, 'MAT-2026-012', 'Sterling licensing dispute', 'Sterling Biotech is suing a former licensing partner for underreported royalties and misuse of research milestones. The matter includes damages modeling, lab notebook preservation, and settlement leverage analysis.', 'IP Litigation', 5, 11, 5, 'Open', 'Highly Confidential', 11, '2026-03-19', NULL),
  (13, 'MAT-2026-013', 'Hamilton leasing claims', 'Hamilton Hospitality is pursuing lease-default claims against a departing operator after renovation commitments stalled. The file mixes contract claims, property damage calculations, and insurance coordination.', 'Commercial Litigation', 9, 2, 16, 'Open', 'Confidential', 2, '2026-04-01', '2026-06-26'),
  (14, 'MAT-2026-014', 'Blackwell governance reset', 'Blackwell Ventures requested a governance reset after founder disputes slowed board approvals and investor communications. Counsel is redrafting committee charters, consent mechanics, and information-rights protocols.', 'Governance', 10, 18, 6, 'Drafting', 'Internal', 18, '2026-04-04', NULL),
  (15, 'MAT-2026-015', 'Redwood supply breach suit', 'Redwood Biologics filed a supply-breach suit after a manufacturing vendor missed sterile-fill timelines for a phase-two study. The team is tracing contract milestones, deviation logs, and emergency replacement costs.', 'Contract Dispute', 11, 11, 5, 'Open', 'Highly Confidential', 11, '2026-04-06', '2026-07-18'),
  (16, 'MAT-2026-016', 'Ironclad cargo diversion defense', 'Ironclad Logistics retained the firm in a criminal-defense posture after prosecutors alleged cargo-diversion fraud involving port manifests and customs declarations. The file includes interview prep, device imaging, and parallel internal investigation work.', 'Criminal Defense', 12, 2, 17, 'Hearing Scheduled', 'Highly Confidential', 2, '2026-03-26', '2026-05-30'),
  (17, 'MAT-2026-017', 'Oakwell probate challenge', 'Oakwell Estates is defending a probate challenge by relatives contesting testamentary capacity and property transfers made during hospice care. The team is collecting medical timelines, caregiver statements, and estate accounting records.', 'Probate Litigation', 13, 12, 6, 'Open', 'Confidential', 12, '2026-04-02', '2026-07-03'),
  (18, 'MAT-2026-018', 'Meridian sponsorship termination dispute', 'Meridian Sports is in a sponsorship termination dispute after a jersey-rights partner alleged morality-clause breaches following an executive scandal. Counsel is reviewing notice provisions, clawback language, and media-response coordination.', 'Commercial Contracts', 14, 10, 15, 'Negotiation', 'Confidential', 10, '2026-04-05', '2026-06-21');

INSERT INTO Case_Team (case_id, employee_id, role_in_case, assigned_by) VALUES
  (1, 2, 'Lead Partner', 1),
  (1, 5, 'Lead Senior', 2),
  (1, 7, 'Paralegal', 5),
  (1, 9, 'Partner Secretary', 2),
  (1, 13, 'Records Control', 4),
  (2, 3, 'Lead Partner', 1),
  (2, 5, 'Lead Senior', 3),
  (2, 6, 'Drafting Associate', 5),
  (2, 7, 'Hearing Binder Support', 5),
  (3, 10, 'Lead Partner', 1),
  (3, 16, 'Lead Senior', 10),
  (3, 9, 'Hearing Logistics', 10),
  (3, 14, 'Secure Room Support', 4),
  (4, 14, 'Lead Partner', 1),
  (4, 17, 'Lead Senior', 14),
  (4, 13, 'Regulatory Records', 4),
  (4, 11, 'Cyber Coordination', 1),
  (5, 2, 'Lead Partner', 1),
  (5, 5, 'Lead Senior', 2),
  (5, 6, 'Diligence Associate', 5),
  (5, 7, 'Closing Coordinator', 5),
  (5, 13, 'Data Room Records', 4),
  (6, 11, 'Lead Partner', 1),
  (6, 17, 'Lead Senior', 11),
  (6, 8, 'Systems Response', 4),
  (6, 13, 'Records Escalation', 4),
  (7, 18, 'Lead Partner', 1),
  (7, 15, 'Lead Senior', 18),
  (7, 7, 'Client Coordination', 15),
  (7, 9, 'Scheduling Support', 18),
  (8, 12, 'Lead Partner', 1),
  (8, 6, 'Lead Senior', 12),
  (8, 7, 'Document Preparation', 6),
  (9, 10, 'Lead Partner', 1),
  (9, 16, 'Lead Senior', 10),
  (9, 5, 'Discovery Lead', 10),
  (9, 9, 'War Room Logistics', 10),
  (10, 3, 'Lead Partner', 1),
  (10, 15, 'Lead Senior', 3),
  (10, 13, 'Records Review', 4),
  (11, 14, 'Lead Partner', 1),
  (11, 6, 'Lead Senior', 14),
  (12, 11, 'Lead Partner', 1),
  (12, 5, 'Lead Senior', 11),
  (12, 7, 'Exhibit Coordination', 5),
  (12, 8, 'Secure Workspace', 4),
  (13, 2, 'Lead Partner', 1),
  (13, 16, 'Lead Senior', 2),
  (13, 7, 'Client Communications', 16),
  (13, 9, 'Scheduling Desk', 2),
  (14, 18, 'Lead Partner', 1),
  (14, 6, 'Lead Senior', 18),
  (14, 13, 'Board Records', 4),
  (15, 11, 'Lead Partner', 1),
  (15, 5, 'Lead Senior', 11),
  (15, 7, 'Paralegal', 5),
  (15, 13, 'Records Control', 4),
  (16, 2, 'Lead Partner', 1),
  (16, 17, 'Lead Senior', 2),
  (16, 16, 'Investigations Associate', 17),
  (16, 8, 'Systems Forensics', 4),
  (17, 12, 'Lead Partner', 1),
  (17, 6, 'Lead Senior', 12),
  (17, 7, 'Client Coordination', 6),
  (17, 9, 'Probate Scheduling', 12),
  (18, 10, 'Lead Partner', 1),
  (18, 15, 'Lead Senior', 10),
  (18, 17, 'Commercial Strategy', 10),
  (18, 13, 'Board Records', 4);

INSERT INTO Partner_Collaboration (collaboration_id, case_id, partner_id, role) VALUES
  (1, 1, 1, 'Executive Oversight'),
  (2, 1, 3, 'Corporate Antitrust Coordination'),
  (3, 4, 11, 'Cyber Escalation Review'),
  (4, 5, 12, 'Private Equity Strategy'),
  (5, 6, 14, 'Regulatory Escalation'),
  (6, 9, 2, 'Trial Strategy Review'),
  (7, 12, 10, 'Commercial Dispute Review'),
  (8, 14, 3, 'Governance Structuring Review'),
  (9, 15, 2, 'Supply Chain Litigation Review'),
  (10, 16, 10, 'White Collar Response Strategy'),
  (11, 17, 18, 'Family Office Sensitivity Review'),
  (12, 18, 3, 'Sponsor Settlement Posture');

-- COURTS AND HEARINGS
INSERT INTO Court (court_id, name, location, jurisdiction_type) VALUES
  (1, 'Delaware Court of Chancery', 'Wilmington, DE', 'State'),
  (2, 'Southern District of New York', 'New York, NY', 'Federal'),
  (3, 'International Centre for Dispute Resolution', 'New York, NY', 'Arbitration'),
  (4, 'New York Supreme Court Commercial Division', 'New York, NY', 'State'),
  (5, 'Federal Administrative Review Panel', 'Washington, DC', 'Administrative'),
  (6, 'New Jersey Superior Court Commercial Part', 'Newark, NJ', 'State'),
  (7, 'Eastern District of Pennsylvania', 'Philadelphia, PA', 'Federal'),
  (8, 'Surrogate''s Court of New York County', 'New York, NY', 'Probate');

INSERT INTO Hearing (hearing_id, case_id, court_id, date, notes) VALUES
  (1, 2, 1, '2026-04-22', 'Preliminary injunction argument window confirmed.'),
  (2, 3, 3, '2026-05-06', 'Labor arbitration witness list due forty eight hours prior.'),
  (3, 4, 5, '2026-05-13', 'Regulatory briefing conference on sanctions exposure.'),
  (4, 9, 2, '2026-05-28', 'Class certification scheduling conference.'),
  (5, 12, 4, '2026-06-04', 'Initial commercial division appearance scheduled.'),
  (6, 13, 4, '2026-06-16', 'Status conference on landlord damages model.'),
  (7, 15, 6, '2026-06-11', 'Case management conference on expedited vendor discovery.'),
  (8, 16, 7, '2026-04-29', 'Detention and disclosure hearing on customs-record subpoenas.'),
  (9, 17, 8, '2026-06-08', 'Probate evidentiary hearing on testamentary capacity.'),
  (10, 18, 4, '2026-05-19', 'Commercial-part settlement conference on sponsor termination notice.');

INSERT INTO Case_Status_History (case_id, old_status, new_status, changed_by, timestamp) VALUES
  (1, 'Open', 'Drafting', 5, '2026-02-02 10:15:00'),
  (1, 'Drafting', 'Open', 2, '2026-02-18 09:45:00'),
  (2, 'Open', 'Drafting', 5, '2026-02-14 10:15:00'),
  (2, 'Drafting', 'Hearing Scheduled', 3, '2026-04-03 16:40:00'),
  (3, 'Open', 'Drafting', 16, '2026-02-20 13:05:00'),
  (3, 'Drafting', 'Open', 10, '2026-03-02 11:50:00'),
  (4, 'Open', 'Drafting', 17, '2026-03-02 11:00:00'),
  (5, 'Open', 'Drafting', 5, '2026-03-04 08:25:00'),
  (5, 'Drafting', 'Open', 2, '2026-03-16 18:05:00'),
  (6, 'Open', 'Drafting', 17, '2026-03-03 09:30:00'),
  (6, 'Drafting', 'Negotiation', 11, '2026-04-01 14:20:00'),
  (7, 'Open', 'Drafting', 15, '2026-03-18 12:40:00'),
  (8, 'Open', 'Negotiation', 6, '2025-12-18 11:10:00'),
  (8, 'Negotiation', 'Closed', 12, '2026-02-12 18:10:00'),
  (9, 'Open', 'Drafting', 5, '2026-03-25 10:55:00'),
  (9, 'Drafting', 'Hearing Scheduled', 10, '2026-04-05 09:25:00'),
  (10, 'Open', 'Drafting', 15, '2026-03-29 15:10:00'),
  (10, 'Drafting', 'Open', 3, '2026-04-07 09:40:00'),
  (11, 'Open', 'Negotiation', 6, '2026-01-17 10:20:00'),
  (11, 'Negotiation', 'Closed', 14, '2026-02-26 15:50:00'),
  (12, 'Open', 'Drafting', 5, '2026-03-26 11:30:00'),
  (12, 'Drafting', 'Open', 11, '2026-04-08 08:15:00'),
  (13, 'Open', 'Drafting', 16, '2026-04-04 13:10:00'),
  (13, 'Drafting', 'Open', 2, '2026-04-09 17:45:00'),
  (14, 'Open', 'Drafting', 6, '2026-04-06 10:35:00'),
  (15, 'Open', 'Drafting', 5, '2026-04-08 09:05:00'),
  (15, 'Drafting', 'Open', 11, '2026-04-10 16:20:00'),
  (16, 'Open', 'Hearing Scheduled', 2, '2026-04-01 12:25:00'),
  (17, 'Open', 'Drafting', 6, '2026-04-09 10:15:00'),
  (17, 'Drafting', 'Open', 12, '2026-04-10 17:55:00'),
  (18, 'Open', 'Drafting', 15, '2026-04-08 14:10:00'),
  (18, 'Drafting', 'Negotiation', 10, '2026-04-11 09:20:00');

-- DOCUMENTS
INSERT INTO Document (
  document_id,
  case_id,
  uploaded_by,
  confidentiality_level,
  file_path,
  created_at
) VALUES
  (1, 1, 5, 'Highly Confidential', 'uploads/liberty_market_share_report.pdf', '2026-04-01 09:12:00'),
  (2, 1, 7, 'Highly Confidential', 'uploads/liberty_board_readout.docx', '2026-04-01 13:35:00'),
  (3, 1, 13, 'Highly Confidential', 'uploads/liberty_competitor_matrix.xlsx', '2026-04-02 08:20:00'),
  (4, 2, 5, 'Confidential', 'uploads/blue_proxy_response_brief.docx', '2026-04-03 13:35:00'),
  (5, 2, 7, 'Confidential', 'uploads/blue_board_interview_notes.pdf', '2026-04-03 18:10:00'),
  (6, 2, 6, 'Confidential', 'uploads/blue_proxy_timeline.xlsx', '2026-04-04 09:25:00'),
  (7, 3, 16, 'Confidential', 'uploads/monarch_arbitration_timeline.xlsx', '2026-04-04 11:05:00'),
  (8, 3, 9, 'Confidential', 'uploads/monarch_union_correspondence.pdf', '2026-04-04 15:45:00'),
  (9, 3, 16, 'Confidential', 'uploads/monarch_witness_outline.docx', '2026-04-05 09:55:00'),
  (10, 4, 13, 'Highly Confidential', 'uploads/vale_sanctions_memo.pdf', '2026-04-05 08:42:00'),
  (11, 4, 17, 'Highly Confidential', 'uploads/vale_screening_report.xlsx', '2026-04-05 14:05:00'),
  (12, 4, 11, 'Highly Confidential', 'uploads/vale_regulator_questions.docx', '2026-04-06 09:20:00'),
  (13, 5, 6, 'Highly Confidential', 'uploads/sterling_diligence_index.xlsx', '2026-04-06 15:14:00'),
  (14, 5, 5, 'Highly Confidential', 'uploads/sterling_purchase_agreement_markup.docx', '2026-04-06 18:30:00'),
  (15, 5, 13, 'Highly Confidential', 'uploads/sterling_data_room_redflags.pdf', '2026-04-07 08:50:00'),
  (16, 6, 8, 'Highly Confidential', 'uploads/north_incident_bridge_notes.txt', '2026-04-07 18:05:00'),
  (17, 6, 17, 'Highly Confidential', 'uploads/north_forensic_scope.docx', '2026-04-08 09:25:00'),
  (18, 6, 13, 'Highly Confidential', 'uploads/north_notification_tracker.xlsx', '2026-04-08 12:15:00'),
  (19, 7, 15, 'Confidential', 'uploads/calder_warn_analysis.pdf', '2026-04-02 10:05:00'),
  (20, 7, 7, 'Confidential', 'uploads/calder_employee_notice_pack.docx', '2026-04-03 11:10:00'),
  (21, 7, 9, 'Confidential', 'uploads/calder_facility_closure_budget.xlsx', '2026-04-04 14:20:00'),
  (22, 8, 6, 'Confidential', 'uploads/hudson_trust_structure_chart.pdf', '2026-01-20 09:35:00'),
  (23, 8, 7, 'Confidential', 'uploads/hudson_tax_allocation_notes.docx', '2026-01-28 15:15:00'),
  (24, 8, 6, 'Confidential', 'uploads/hudson_family_meeting_summary.txt', '2026-02-10 16:45:00'),
  (25, 9, 9, 'Confidential', 'uploads/liberty_class_action_plan.pdf', '2026-04-08 10:18:00'),
  (26, 9, 5, 'Confidential', 'uploads/liberty_rate_data_extract.xlsx', '2026-04-08 13:10:00'),
  (27, 9, 16, 'Confidential', 'uploads/liberty_class_cert_outline.docx', '2026-04-08 17:20:00'),
  (28, 10, 15, 'Internal', 'uploads/blue_compensation_review_memo.pdf', '2026-04-05 10:22:00'),
  (29, 10, 13, 'Internal', 'uploads/blue_committee_minutes_index.xlsx', '2026-04-06 09:10:00'),
  (30, 10, 15, 'Internal', 'uploads/blue_whistleblower_timeline.docx', '2026-04-07 15:45:00'),
  (31, 11, 6, 'Internal', 'uploads/vale_financing_closeout_checklist.docx', '2026-02-12 11:05:00'),
  (32, 11, 6, 'Internal', 'uploads/vale_covenant_matrix.xlsx', '2026-02-16 13:35:00'),
  (33, 11, 14, 'Internal', 'uploads/vale_lender_notice_log.pdf', '2026-02-24 17:20:00'),
  (34, 12, 5, 'Highly Confidential', 'uploads/sterling_royalty_claim_chart.docx', '2026-04-08 17:52:00'),
  (35, 12, 7, 'Highly Confidential', 'uploads/sterling_lab_notebook_index.pdf', '2026-04-09 09:18:00'),
  (36, 12, 5, 'Highly Confidential', 'uploads/sterling_settlement_options.xlsx', '2026-04-09 16:40:00'),
  (37, 13, 7, 'Confidential', 'uploads/hamilton_lease_damage_grid.xlsx', '2026-04-09 09:44:00'),
  (38, 13, 16, 'Confidential', 'uploads/hamilton_operator_default_notice.docx', '2026-04-09 14:10:00'),
  (39, 13, 9, 'Confidential', 'uploads/hamilton_insurance_gap_report.pdf', '2026-04-10 11:15:00'),
  (40, 14, 13, 'Internal', 'uploads/blackwell_board_governance_matrix.pdf', '2026-04-09 16:28:00'),
  (41, 14, 6, 'Internal', 'uploads/blackwell_committee_charter_redline.docx', '2026-04-10 09:40:00'),
  (42, 14, 13, 'Internal', 'uploads/blackwell_investor_qna_notes.txt', '2026-04-10 18:05:00'),
  (43, 15, 5, 'Highly Confidential', 'uploads/redwood_supply_breach_complaint.docx', '2026-04-10 10:15:00'),
  (44, 15, 7, 'Highly Confidential', 'uploads/redwood_deviation_log.xlsx', '2026-04-10 13:20:00'),
  (45, 15, 13, 'Highly Confidential', 'uploads/redwood_cover_cost_summary.pdf', '2026-04-10 17:35:00'),
  (46, 16, 17, 'Highly Confidential', 'uploads/ironclad_defense_interview_outline.docx', '2026-04-02 09:55:00'),
  (47, 16, 16, 'Highly Confidential', 'uploads/ironclad_manifest_discrepancies.xlsx', '2026-04-03 12:25:00'),
  (48, 16, 8, 'Highly Confidential', 'uploads/ironclad_device_collection_report.pdf', '2026-04-04 18:05:00'),
  (49, 17, 6, 'Confidential', 'uploads/oakwell_medical_timeline.pdf', '2026-04-10 08:45:00'),
  (50, 17, 9, 'Confidential', 'uploads/oakwell_estate_accounting.xlsx', '2026-04-10 14:05:00'),
  (51, 17, 7, 'Confidential', 'uploads/oakwell_affidavit_digest.docx', '2026-04-11 10:40:00'),
  (52, 18, 15, 'Confidential', 'uploads/meridian_sponsorship_termination_notice.pdf', '2026-04-10 11:55:00'),
  (53, 18, 17, 'Confidential', 'uploads/meridian_morality_clause_markup.docx', '2026-04-10 16:25:00'),
  (54, 18, 13, 'Confidential', 'uploads/meridian_media_response_grid.xlsx', '2026-04-11 09:05:00');

INSERT INTO Document_Version (
  version_id,
  document_id,
  version_number,
  modified_by,
  modified_at,
  change_notes
) VALUES
  (1, 1, 2, 5, '2026-04-01 13:40:00', 'Updated market concentration narrative for board review.'),
  (2, 4, 2, 3, '2026-04-03 19:10:00', 'Partner revisions for emergency proxy briefing.'),
  (3, 7, 2, 16, '2026-04-04 18:35:00', 'Added final witness sequence and hearing prep notes.'),
  (4, 10, 2, 14, '2026-04-05 12:50:00', 'Expanded sanctions control timeline and open questions.'),
  (5, 15, 2, 6, '2026-04-07 09:15:00', 'Added red flag scoring and indemnity references.'),
  (6, 18, 2, 17, '2026-04-08 15:05:00', 'Inserted notification dependencies for regulator outreach.'),
  (7, 25, 2, 10, '2026-04-08 18:25:00', 'Updated class certification themes after data review.'),
  (8, 34, 2, 11, '2026-04-09 18:05:00', 'Added damages ranges and licensing audit notes.'),
  (9, 40, 3, 18, '2026-04-10 11:05:00', 'Second board review round on committee authority.'),
  (10, 45, 2, 11, '2026-04-10 18:05:00', 'Refined replacement-cost model and cover assumptions.'),
  (11, 49, 2, 12, '2026-04-10 16:15:00', 'Inserted hospice timeline references and medical source cites.'),
  (12, 53, 2, 10, '2026-04-11 08:35:00', 'Partner markup on sponsor notice and clawback fallback terms.');

-- BILLING
INSERT INTO Billing (bill_id, case_id, generated_by, approved_by, amount, status) VALUES
  (1, 1, 5, 2, 26400.00, 'Pending'),
  (2, 2, 5, 3, 31800.00, 'Approved'),
  (3, 3, 16, 10, 22150.00, 'Pending'),
  (4, 4, 17, 14, 28700.00, 'Approved'),
  (5, 5, 6, 2, 35600.00, 'Pending'),
  (6, 6, 17, 11, 40850.00, 'Pending'),
  (7, 7, 15, 18, 14950.00, 'Approved'),
  (8, 8, 6, 12, 19500.00, 'Approved'),
  (9, 9, 16, 10, 27225.00, 'Pending'),
  (10, 10, 15, 3, 16875.00, 'Pending'),
  (11, 11, 6, 14, 21400.00, 'Approved'),
  (12, 12, 5, 11, 33350.00, 'Pending'),
  (13, 13, 16, 2, 18240.00, 'Pending'),
  (14, 14, 6, 18, 12980.00, 'Pending'),
  (15, 15, 5, 11, 24750.00, 'Pending'),
  (16, 16, 17, 2, 45200.00, 'Approved'),
  (17, 17, 6, 12, 17640.00, 'Pending'),
  (18, 18, 15, 10, 28910.00, 'Pending');

-- TIME LOGS
INSERT INTO Time_Log (log_id, employee_id, case_id, hours, work_description, approved_by) VALUES
  (1, 5, 1, 6.50, 'Prepared antitrust issue map for Liberty Rail board review.', 2),
  (2, 7, 1, 3.20, 'Built hearing binders and disclosure index.', 5),
  (3, 6, 2, 5.75, 'Drafted proxy defense chronology and research memo.', 3),
  (4, 16, 3, 4.80, 'Prepared witness prep outline for arbitration hearing.', 10),
  (5, 17, 4, 7.10, 'Reviewed sanctions touchpoints and regulator questions.', 14),
  (6, 6, 5, 8.25, 'Ran diligence tracker for acquisition workstream.', 2),
  (7, 8, 6, 4.40, 'Coordinated secure bridge and credential resets.', 4),
  (8, 15, 7, 5.10, 'Drafted workforce closure advisory summary.', 18),
  (9, 6, 8, 3.75, 'Updated family office structure chart.', 12),
  (10, 16, 9, 6.00, 'Prepared class certification response sections.', 10),
  (11, 15, 10, 4.25, 'Reviewed compensation policy amendments.', 3),
  (12, 6, 11, 5.60, 'Drafted financing package closeout checklist.', 14),
  (13, 5, 12, 7.80, 'Mapped licensing dispute damages themes.', 11),
  (14, 16, 13, 4.35, 'Updated lease default damages model.', 2),
  (15, 6, 14, 3.95, 'Prepared governance charter comparison table.', 18),
  (16, 5, 15, 6.85, 'Reviewed manufacturing deviations against supply milestones.', 11),
  (17, 17, 16, 8.10, 'Prepared interview sequence and defense memo for cargo diversion allegations.', 2),
  (18, 16, 16, 5.25, 'Built customs-manifest discrepancy tracker for defense review.', 2),
  (19, 6, 17, 4.95, 'Compiled estate accounting irregularities and witness summaries.', 12),
  (20, 15, 18, 5.70, 'Redlined sponsor exit provisions and clawback options.', 10);

-- CLIENT INTERACTIONS
INSERT INTO Client_Interaction (
  interaction_id,
  client_id,
  employee_id,
  interaction_type,
  notes,
  datetime
) VALUES
  (1, 1, 2, 'Call', 'Reviewed board concerns around market concentration and timing.', '2026-04-01 11:00:00'),
  (2, 2, 3, 'Meeting', 'Walked the client team through proxy defense milestones.', '2026-04-02 14:20:00'),
  (3, 3, 10, 'Call', 'Confirmed arbitration hearing prep calendar.', '2026-04-03 09:45:00'),
  (4, 4, 14, 'Email', 'Sent regulator question tracker and escalation path.', '2026-04-03 17:10:00'),
  (5, 5, 2, 'Meeting', 'Aligned diligence scope with the buyer legal team.', '2026-04-04 13:30:00'),
  (6, 6, 11, 'Call', 'Reviewed incident communication protocol and board notice timing.', '2026-04-05 10:05:00'),
  (7, 7, 18, 'Email', 'Shared first draft of closure advisory checklist.', '2026-04-06 15:40:00'),
  (8, 8, 12, 'Meeting', 'Discussed closeout of succession structure engagement.', '2026-02-11 09:15:00'),
  (9, 9, 2, 'Call', 'Confirmed lease claim damage assumptions with finance lead.', '2026-04-08 16:25:00'),
  (10, 10, 18, 'Meeting', 'Reviewed governance reset sequencing with founder group.', '2026-04-09 12:50:00'),
  (11, 11, 11, 'Call', 'Discussed supply replacement options and litigation hold scope.', '2026-04-10 09:30:00'),
  (12, 12, 2, 'Meeting', 'Prepared executive team for criminal-defense coordination and press silence.', '2026-04-07 18:10:00'),
  (13, 13, 12, 'Call', 'Reviewed probate mediation posture and caregiver witness list.', '2026-04-10 17:05:00'),
  (14, 14, 10, 'Email', 'Shared first sponsor settlement range and media coordination grid.', '2026-04-11 08:20:00');

-- TICKETS
INSERT INTO Ticket (
  ticket_id,
  raised_by,
  description,
  priority,
  status,
  assigned_to,
  created_at,
  resolved_at,
  resolution_deadline,
  breach_flag
) VALUES
  (1, 2, 'Provision guest wifi and locked display routing for the Liberty Rail war room.', 'High', 'In Progress', 8, '2026-04-06 08:20:00', NULL, '2026-04-11 18:00:00', FALSE),
  (2, 7, 'Restore archive access to the Blue Ridge hearing binder for overnight revisions.', 'Medium', 'Open', 13, '2026-04-06 10:05:00', NULL, '2026-04-14 17:00:00', FALSE),
  (3, 4, 'Prepare boardroom print run and room controls for a Sterling diligence review.', 'Medium', 'Resolved', 8, '2026-04-02 12:30:00', '2026-04-02 15:10:00', '2026-04-03 10:00:00', FALSE),
  (4, 11, 'Renew trial travel certificate for remote testimony setup before next week.', 'High', 'Resolved', 8, '2026-03-28 09:15:00', '2026-03-31 19:20:00', '2026-03-30 18:00:00', TRUE),
  (5, 6, 'Create a secure document room for the Sterling acquisition diligence stream.', 'High', 'Open', 8, '2026-04-07 09:00:00', NULL, '2026-04-12 17:00:00', FALSE),
  (6, 1, 'Audit matter permissions after partner staffing changes across active litigations.', 'High', 'In Progress', 13, '2026-04-08 07:45:00', NULL, '2026-04-15 18:00:00', FALSE),
  (7, 5, 'Scanner on the litigation floor is dropping OCR on exhibit packets.', 'Low', 'Resolved', 8, '2026-04-04 11:40:00', '2026-04-04 13:15:00', '2026-04-07 17:00:00', FALSE),
  (8, 15, 'Need outside counsel portal invites for the Blackwell governance room.', 'Medium', 'Open', 8, '2026-04-08 15:55:00', NULL, '2026-04-16 17:00:00', FALSE),
  (9, 9, 'Conference room audio is drifting during witness prep recordings.', 'Medium', 'Open', 8, '2026-04-09 08:05:00', NULL, '2026-04-13 12:00:00', FALSE),
  (10, 7, 'Recover archived filings from the Hudson estate binder for client closeout.', 'Low', 'Resolved', 13, '2026-04-01 09:25:00', '2026-04-01 14:40:00', '2026-04-02 17:00:00', FALSE);

INSERT INTO Ticket_Logs (log_id, ticket_id, updated_by, update_note, timestamp) VALUES
  (1, 1, 8, 'Display routes reserved; network lock still pending security approval.', '2026-04-06 14:05:00'),
  (2, 2, 13, 'Archive permissions queued for records review.', '2026-04-06 12:12:00'),
  (3, 3, 8, 'Room presets restored and board materials confirmed.', '2026-04-02 15:05:00'),
  (4, 4, 8, 'Vendor certificate update landed after the requested deadline.', '2026-03-31 19:25:00'),
  (5, 6, 13, 'Cross matter access list exported for executive signoff.', '2026-04-08 16:50:00'),
  (6, 9, 8, 'Testing ceiling microphone array and capture profile.', '2026-04-09 10:18:00');

INSERT INTO IT_System_Log (log_id, employee_id, action_type, affected_table, timestamp, ip_address) VALUES
  (1, 8, 'ROOM_PROVISIONING', 'Ticket', '2026-04-06 14:01:00', '10.20.4.12'),
  (2, 8, 'SECURE_FOLDER_CREATED', 'Document', '2026-04-07 09:22:00', '10.20.4.12'),
  (3, 13, 'ACCESS_AUDIT_EXPORT', 'Access_Control', '2026-04-08 16:43:00', '10.20.7.11'),
  (4, 8, 'AUDIO_PROFILE_RESET', 'Ticket', '2026-04-09 10:15:00', '10.20.4.12');

-- PERMISSIONS
INSERT INTO Permission (permission_id, permission_name) VALUES
  (1, 'View Cases'),
  (2, 'Edit Cases'),
  (3, 'Approve Billing'),
  (4, 'Upload Documents'),
  (5, 'Manage Tickets'),
  (6, 'Manage Access'),
  (7, 'View Financials'),
  (8, 'View Executive Notes'),
  (9, 'Assign Case Teams'),
  (10, 'Manage Records'),
  (11, 'Administer Systems');

INSERT INTO Role_Permission (role_id, permission_id) VALUES
  (1, 1), (1, 2), (1, 3), (1, 4), (1, 5), (1, 6), (1, 7), (1, 8), (1, 9), (1, 10), (1, 11),
  (2, 1), (2, 4), (2, 5), (2, 6), (2, 7), (2, 8), (2, 9), (2, 10), (2, 11),
  (3, 1), (3, 2), (3, 3), (3, 4), (3, 7), (3, 9), (3, 10),
  (4, 1), (4, 2), (4, 4), (4, 9), (4, 10),
  (5, 1), (5, 2), (5, 4), (5, 7), (5, 9), (5, 10),
  (6, 1), (6, 2), (6, 4),
  (7, 1), (7, 5), (7, 6), (7, 10), (7, 11),
  (8, 1), (8, 4), (8, 10),
  (9, 1), (9, 4), (9, 10),
  (10, 1), (10, 6), (10, 10);

INSERT INTO Access_Control (access_id, employee_id, resource_type, resource_id, access_type) VALUES
  (1, 2, 'Case', 1, 'Lead'),
  (2, 5, 'Case', 1, 'Edit'),
  (3, 7, 'Document', 1, 'Upload'),
  (4, 8, 'System', 1, 'Admin'),
  (5, 13, 'Case', 6, 'Records'),
  (6, 14, 'Case', 4, 'Lead'),
  (7, 17, 'Case', 4, 'Regulatory Review'),
  (8, 10, 'Case', 9, 'Lead'),
  (9, 16, 'Case', 9, 'Edit'),
  (10, 11, 'Case', 12, 'Lead'),
  (11, 5, 'Document', 8, 'Edit'),
  (12, 18, 'Case', 14, 'Lead'),
  (13, 6, 'Case', 14, 'Edit'),
  (14, 9, 'Document', 7, 'Manage'),
  (15, 13, 'System', 2, 'Audit'),
  (16, 11, 'Case', 15, 'Lead'),
  (17, 2, 'Case', 16, 'Lead'),
  (18, 12, 'Case', 17, 'Lead'),
  (19, 10, 'Case', 18, 'Lead');

INSERT INTO Conflict_Check (conflict_id, employee_id, client_id, restriction_reason) VALUES
  (1, 18, 7, 'Prior representation on a historic supplier dispute.'),
  (2, 17, 1, 'Government contact sensitivity requires screening.');

INSERT INTO Audit_Log (audit_id, user_id, action, table_name, record_id, old_value, new_value, timestamp) VALUES
  (1, 4, 'UPDATE', 'Access_Control', 15, 'Pending review', 'Audit rights granted', '2026-04-08 16:44:00'),
  (2, 1, 'UPDATE', 'Cases', 9, 'Drafting', 'Hearing Scheduled', '2026-04-05 09:26:00');
